<dialog id="TEST">
	<options speaker="tlady" value="Are you a thirsty adventurer or just a desolated drunk?">
		<option value="What did you just say?">
			<line speaker="tlady" value="Whatever, calm down, I will prepare you some food!"></line>
		</option>
		<option value="I will not accept that!">
			<line speaker="tlady" value="Whatever, calm down, I will prepare you some food!"></line>
		</option>
		<option value="I just... want... food">
			<line speaker="tlady" value="Of course!"></line>
		</option>
	</options>
	<options speaker="tlady" value="What is your favourite meal?">
		<option value="Baked potatoes">
			<line speaker="tlady" value="You will have to settle with some fried chips"></line>
		</option>
		<option value="Bean stew">
			<line speaker="tlady" value="Allright!"></line>
		</option>
		<option value="Seafood Soup">
			<line speaker="tlady" value="Does this look like a palace?"></line>
		</option>
	</options>
</dialog>