<dialog id="THYMA">
	<options speaker="thyma" value="Welcome to my town!">
		<option value="Who are you">
			<line speaker="thyma" value="I'm thyma, the only youngster around"></line>
		</option>
		<option value="What's that house in green?">
			<line speaker="thyma" value="The Tabern. go for a drink!"></line>
		</option>
		<option value="Where's the tavern? I'm hungry">
			<line speaker="thyma" value="It's the house on the right!"></line>
		</option>
	</options>
	<options speaker="thyma" value="Do you want to know something more?">
		<option value="Who is the major?">
			<line speaker="thyma" value="The Inkeeper! I encourage you to go meet her"></line>
		</option>
		<option value="Is this town safe?">
			<line speaker="thyma" value="Yes, it is! Avoid the forest and visit the tabern"></line>
		</option>
		<option value="Can you give me some money for the food?">
			<line speaker="thyma" value="Of course! Anyway Pomo will feed you"></line>
		</option>
	</options>
</dialog>