<dialog id="THYMA">
	<options speaker="thyma" value="Welcome to my town!">
		<option value="Who am I?">
			<line speaker="thyma" value="That's kind of a deep question mate"></line>
		</option>
		<option value="What is this town">
			<line speaker="thyma" value="That's my hometown Laventeli!"></line>
		</option>
		<option value="Where's the tavern? I'm hungry">
			<line speaker="thyma" value="It's the house on the right!"></line>
		</option>
	</options>
	<options speaker="thyma" value="Do you want to know something more?">
		<option value="What's your name?">
			<line speaker="thyma" value="I'm Thyma, one of the few youngsters around here"></line>
		</option>
		<option value="Is this town safe?">
			<line speaker="thyma" value="Yes, it is! Avoid the forest and you will be fine"></line>
		</option>
		<option value="Can you give me some money for the food?">
			<line speaker="thyma" value="Of course! Anyway Pomo will feed you"></line>
		</option>
	</options>
</dialog>